"id";"description";"price";"name";"material";"title"
"1";"The beautiful range of Apple Naturalé that has an exciting mix of natural ingredients. With the Goodness of 100% Natural Ingredients";"149.34";"Ergonomic Steel Ball";"Concrete";"Computer"
"2";"The Football Is Good For Training And Recreational Purposes";"970.05";"Sleek Cotton Table";"Bronze";"Car"
"3";"The Football Is Good For Training And Recreational Purposes";"886.13";"Rustic Bronze Mouse";"Frozen";"Chips"
"4";"The Football Is Good For Training And Recreational Purposes";"388.21";"Handcrafted Soft Ball";"Cotton";"Hat"
"5";"The beautiful range of Apple Naturalé that has an exciting mix of natural ingredients. With the Goodness of 100% Natural Ingredients";"884.49";"Refined Metal Keyboard";"Cotton";"Mouse"
"6";"Boston's most advanced compression wear technology increases muscle oxygenation, stabilizes active muscles";"326.88";"Elegant Steel Tuna";"Granite";"Hat"
"7";"The beautiful range of Apple Naturalé that has an exciting mix of natural ingredients. With the Goodness of 100% Natural Ingredients";"205.24";"Refined Fresh Towels";"Rubber";"Gloves"
"8";"Ergonomic executive chair upholstered in bonded black leather and PVC padded seat and back for all-day comfort and support";"514.62";"Electronic Cotton Bike";"Metal";"Bike"
"9";"The Apollotech B340 is an affordable wireless mouse with reliable connectivity, 12 months battery life and modern design";"777.58";"Luxurious Wooden Towels";"Granite";"Mouse"
"10";"Boston's most advanced compression wear technology increases muscle oxygenation, stabilizes active muscles";"864.83";"Awesome Plastic Gloves";"Cotton";"Soap"